name,lat,lng
191498 บริษัท เต็มสิบพลังงาน จำกัด,12.8320067875631,101.128117250148
227169 บริษัท ภูมิพัฒน์ 2019 จำกัด (มาบไผ่),13.3628943391819,101.121650029693
240436 บริษัท เก้าธนะ จำกัด บางละมุง,13.0569143184301,100.919904396717
269455บริษัท ปิ่นบุรีเชื้อเพลิง จำกัด สาขาที,13.481164003263,101.281572992526
Wanitchakorn Gas Company Limited,13.82976919,100.7591967
(MKS) บริษัท เอ็ม.เค.เอส.ฟาร์ม จำกัด ห้างสูง,13.18644818,101.3369516
000000 บริษัท ที เอ็ม บี ออยล์ จำกัด สาขา 1,13.63959904,101.3345848
000000 บจก.สแกนเนีย สยาม - Scania Siam Co.Ltd,13.60968467,100.768009
100376 บริษัท บางพัฒนา 1-2-3-4 บริการ จำกัด,13.72813498,100.6421768
100856 ห้างหุ้นส่วนจำกัด บิ๊กเซอร์วิส,13.92768128,100.4131706
101347 หสน.เจริญสุขอยธยา,14.35348749,100.5860448
101658 บริษัท โชคอนันต์ชุมพร จำกัด,10.492079,99.183006
102212 ห้างหุ้นส่วนจำกัด ดุษดี พาณิชย์,14.04049774,100.476459
105879 หจก.พรพิชัยปราจีนบุรี,14.05370408,101.3671359
106599 บริษัท ส.เจริญรุ่งบริการ จำกัด,13.89134197,100.6056374
106889 ห้างหุ้นส่วนจำกัด สหโชคบริการ,13.78647416,100.4874256
107033 ห้างหุ้นส่วนจำกัด สำเภาเงินบริการ,13.85633085,100.8640501
108082 บริษัท ส.กิตติเจริญบริการ จำกัด,13.93501964,100.7288063
108385 ห้างหุ้นส่วนจำกัด ศุภมิตรบริการ คลองด่าน,13.51027214,100.811321
109881 บริษัท ทุ่งทองภูเก็ต จำกัด,7.901645,98.367499
110583 ห้างหุ้นส่วนจำกัด วี ออยล์ กรุ๊ป,12.68063494,100.8944055
115005 บริษัท ช.ชัยพิพัฒน์บริการ จำกัด ,14.1203184252534,100.289993586199
12757535 บริษัท นิยมไทยการค้า จำกัด ,12.7029049074272,101.164187892048
159814 บริษัท เหลืองทองดี จำกัด ,13.7230233377962,100.74138688811
161928 บริษัท ชัยรัตน์พัฒนา จำกัด,15.0217210289504,100.339486399991
168784 บริษัท ส.พรพจน์ บริการ จำกัด,14.0006588044225,100.555106631789
170283 บริษัท เอสเอ็มเคออยล์ จำกัด ธัญบุรี,13.9929949457324,100.651818535371
170958 ห้างหุ้นส่วนจำกัด หลิวรุ่งเรือง,13.8164213840073,100.535482988173
175022 บริษัท ถทาฐิตธีร์ (ประจันตคาม) จำกัด,14.0684131150801,101.52319250598
175181 บริษัท เอส. ซี. จี. หทัยราษฏร์ จำกัด,13.8473876411572,100.720573106815
175350 บริษัท เอสเอ็น ออล จำกัด (ติวานนท์),13.8829081151582,100.512449524531
175525 บริษัท ต.วิชัยรัตน์บริการ จำกัด,13.6732839423959,102.079194422346
175629 บริษัท รวยมหาศาล จำกัด,14.3308904576046,100.527083641328
175805 บริษัท ถทาฐิตธีร์ จำกัด (กบินทร์บุรี),13.984317613991,101.784700385232
175831 บริษัท ฐานิดา การปิโตรเลี่ยม จำกัด,13.7895293737292,100.826335640559
176427 บริษัท เอสเอ็น ออล จำกัด สาขา 2 ,13.9587443670916,100.519989472317
190066 บริษัท พี. ดี. ปิโตรเลียม จำกัด,14.042564361461,100.428508029552
190121 บริษัท เอสเอ็น ออล จำกัด สาขา 1,13.9561536515431,100.493947417738
190228 บริษัท เดอะวันปิโตรเลียม จำกัด,13.3174610564793,100.959953068139
190626 บริษัท เป็นต่อ พลังงาน จำกัด,14.1072143510948,100.532801428313
190684 บริษัท รามคำแหง แก๊ส แอนด์ ออยล์ จำกัด,13.7755153304276,100.669887876487
191076 ห้างหุ้นส่วนจำกัด ระพีออยล์,8.385589,98.452513
191101 บริษัท ปราการ ปิโตรเลียม จำกัด,13.6308778498643,100.71501886313
191265 บริษัท พี. พี. แก๊ส เซอร์วิส จำกัด,14.0280403486966,100.337475576614
191441 บริษัท สีสวาท ออยล์ จำกัด หนามแดง,13.6281696880838,100.63437056606
191584 ห้างหุ้นส่วนจำกัด กอวรรณออยล,7.607521,99.598145
191987 บริษัท เอ. เอ็น. เอ. ออยล์ จำกัด,13.7094421520517,100.615686219312
198533 บริษัท ธนยศน้ำมัน จำกัด (สำโรง),13.6543805254705,100.599530962017
198534 บริษัท ธนยศ น้ำมัน จำกัด,13.6248294942087,100.633123008598
198570 บริษัท สระแก้ว พรพิชัย จำกัด,13.7708074951132,102.023095602565
199378 ห้างหุ้นส่วนจำกัด ธรรมสุธน บ้านบึง,13.3094446568302,101.107247561365
199531 ห้างหุ้นส่วนจำกัด แอคทีฟไทเกอร์ บางพูน ปทุมฯ,13.9858304107856,100.597752331929
199559 บริษัท พี. เอ. บางนา จำกัด (บางนา กม.2.5),13.6690698177039,100.632075300859
199709 บริษัท สุวินทวงศ์พลังงาน จำกัด,13.7856487987991,100.954827640619
199906 บริษัท เอ็น.พี.ซี. คอร์ปอเรชั่น จำกัด สาขา,13.7470705209226,100.575499179584
199910 บริษัท พี. เอ. บางนา จำกัด (อุดมสุข),13.678095966932,100.616507641359
200219 ห้างหุ้นส่วนจำกัด ก่อเกิดทรั1,18.809161,99.024899
200330 บริษัท พิตรพิบูล เทรดดิ้ง(ประเทศไทย) จำกัด สาขาบางนา กม.8,13.6514270487758,100.677343869276
200358 บริษัท บุญเต็มถัง จำกัด (ถ.สุขุมวิท 105),13.6638145494582,100.615310641257
200362 บจก.พี.ไอ. แมเนจ กรุ๊ป (สุขาภิบาล 1),13.7955287554051,100.650834793907
200391 บริษัท ซี.ดี.อาร์. โพรสเพอร์ริตี้ จำกัด (แพรกษา),13.5844608546778,100.61435505519
200503 ห้างหุ้นส่วนจำกัด เอส.อาร์.ซี. รีเทล (สุวินทวงศ์ ขาออก),13.8081012690279,100.832042402615
200504 บริษัท นิธิธดา จำกัด (สวนหลวง ร.9),13.6763682095124,100.65935525654
200597 บริษัท สเปเชียล เอ็นเนอยี จำกัด (รามอินทรา กม. 4.5),13.8551280910417,100.632806502664
200663 บริษัท นาคณครา จำกัด (สาขารังสิตคลอง 2),14.0659302048183,100.646236000594
200865 บริษัท นาคณครา จำกัด (สาขาคลองหลวง),14.0572115531138,100.617854683454
200879 บริษัท บุญเต็มถัง จำกัด (บางนา กม.2 ขาเข้า),13.6704457258951,100.617561776669
201310 บริษัท. ซีเจ ออย จำกัด (เมืองระยอง),12.6793431643901,101.284918702327
201390 บริษัท วรรณกฤต เชื้อเพลิง จำกัด,13.3565843359277,101.008458706241
201431 บริษัท ซี.ดี.อาร์ โพรสเพอร์ริตี้ จำกัด (ปู่เจ้าสมิงพราย),13.6467798730309,100.577302066576
202023 บริษัท บิ๊กดีล โกลบอล จำกัด (พระราม3),13.6915764178747,100.546817805968
202124 บริษัท เอ็นเอสออล จำกัด (สามโคก),14.0349802290857,100.524860588703
202133 ห้างหุ้นส่วนจำกัด เดอะวันปิโตรเลียม สาขาพัทยาใต,12.918476073207,100.896259266897
202273 บริษัท เค ออยล์ กรุ๊ป จำกัด (สวนใหญ่),13.8299898909442,100.50195948512
202303 บริษัท อินเจคชั่น มอเตอร์ จำกัด (รัตนาธิเบศร์ ขาออก),13.8741992966409,100.419169991533
202335 บริษัท เอ็น เอส ออล จำกัด (ลำโพ),13.9562864377526,100.42573401083
202423 บริษัท บุญเต็มถัง จำกัด (บางนา กม.18),13.610528224799,100.75916381987
202520 บริษัท นิดา ปิโตรเลียม จำกัด (ลาดพร้าว 68),13.7903738140413,100.600902859388
202600 บจก.เซนิทออยล์เซอร์วิส (หนองแคขาเข้า),14.3155336486101,100.837585611409
202610 บริษัท ซิมพลิฟาย กรุ๊ป จำกัด (เลี่ยงเมืองชลบุรี),13.410714059493,101.000885618495
202782 บริษัท อกาลิโก ปิโตรเลียม จำกัด (ศรีย่าน),13.7872451585365,100.51333264974
202826 บริษัท ซิมพลิฟาย กรุ๊ป จำกัด (ชลบุรี ขาออก),13.3902767210951,101.018784254439
202828 บริษัท ดี. ดี. เค. พาวเวอร์ จำกัด (บางพูน),13.9845435967371,100.595543040848
202852 บริษัท บี.เมกกา จำกัด (ลำลูกกา คลอง3),13.9326882495674,100.651717790517
202992 บริษัท ทอง ซุพรีม จำกัด (นวนคร),14.1071171913268,100.617988562489
203352 บจก.อินเทลลิเจนท์ โลจิกส์ (อยุธยาโรจนะ),14.3200294758959,100.632734143952
203486 บริษัท วี. พี. เค. พระราม9 จำกัด,13.7419039713859,100.62870270187
203536 บริษัท แพลตตินั่ม เอนเนอยี่ จำกัด (สาขาวิภาวดี),13.7962240152536,100.560515582837
203567 บริษัท ฟ้าไพบูลย์ จำกัด (พัฒนาการขาเข้า),13.7316094431302,100.649709917393
203576 บริษัท พลอยแสงกรุ๊ป จำกัด (สาขาบึงกุ่ม),13.7802895271066,100.669477956576
203902 บริษัท ฟลูออยล์ เซอร์วิส จำกัด,13.598862607015,100.795505624716
204185 บริษัท ดีดีเค พาวเวอร์ จำกัด สาขาบ้านกลาง,14.0063699505007,100.560148989281
204928 บริษัท เอ็น.พี.ซี. คอร์ปอเรชั่น จำกัด (สาขาศูนย์วัฒนธรรม),13.7662712078901,100.58343116639
205057 บริษัท พิตรพิบูล เทรดดิ้ง(ประเทศไทย) จำกัด สาขาบางนา,13.6592364028075,100.666595225634
205130 บริษัท เบสท์ เอ็นเนอร์ยี่ พลัส จำกัด (สายไหม),13.9206894145574,100.66626602438
205152 บริษัท เบสท์ เอ็นเนอร์ยี่ จำกัด (คลองหลวง),14.0657344255496,100.624118562155
205172 บริษัท เบสท์ เอ็นเนอร์ยี่ พลัส จำกัด (ขาเข้า-ไทรใหญ่),14.0872173734898,100.310663695166
208185 บริษัท จักรินทิพปิโตรเลียม จ,9.159537,99.506682
208603 บริษัท นิดา ปิโตรเลียม จำกัด (เกษตร-สุขาภิบาล 1),13.8211196024228,100.625366418978
208896 ห้างหุ้นส่วนจำกัด ธนัญธรฐิติ,12.574023,99.955366
208938 บริษัท รุ่งอรุณ ออยล์ เซอร์วิส จำกัด สาข,13.5272600291071,100.636433849039
209235 อกาลิโก ปิโตรเลียมสาขาพหลโยธิน,13.7782389646921,100.543781969485
210033 บริษัท เบสท์ เอ็นเนอร์ยี่ พลัส จำกัด,14.2915650620449,100.819634422107
211515 บริษัท ศรีทองเจ็ดยอด จำกัด,18.808572,98.974486
211803 บริษัท เบสท์ เอ็นเนอร์ยี่ พลัส จำกัด (HW36 ระยอง),12.8323070470501,101.126304707347
212507 บริษัท ฟ้าไพบูลย์ จำกัด (สาธุประดิษฐ์),13.6872061909937,100.533413366241
212520 บจก. เอส พี ออยล์ 2015 (บางปลา),13.5970477170422,100.74316826411
213955 บริษัท เบสท์ เอ็นเนอร์ยี่ จำกัด (เนินพระ),12.6869979833645,101.211987306739
217107 บริษัท ซีเจ ออย จำกัด (เมืองแกลง),12.773244613802,101.639412939903
217463 บ.เอสดับเบิ้ลยู 2016 เซอร์วก,13.788642,100.552788
217494 บริษัท ซุปเปอร์เซ็นทรัลแก๊ส จำกัด บางบัวทอง,13.9502919089255,100.409610283091
217573 บริษัท ฤทธิวงศ์วนิช จำกัด (บางวัว),13.5609022489429,100.954842008127
218316 บริษัท สิงห์โตทอง เอนเอนร์ยี่ จำกัด,13.9263901761726,100.463113522295
218316 บริษัท สิงห์โตทอง เอนเนอร์ยีกัด,13.92636,100.46297
218500 บริษัท ส.พรหมพงษ์ ปราจีนบุรี จำกัด,13.9729073557173,101.485574568653
218741 บริษัท เอส. เค. ที. กาญจนาภิเษก จำกัด,13.923043724078,100.419833189248
218742 บริษัท เค. รังสิต จำกัด,13.9703356273801,100.638757055083
218742 บริษัท เค.รังสิต จำกัด,13.970528,100.639186
218757 บริษัท ปิ่นบุรีเชื้อเพลิง จำกัด,13.4554522662017,101.031698864545
219388 บริษัท พี. ไอ. แมเนจ กรุ๊ป จำกัด (ปากซอยเสนา),13.8310915610996,100.570092503772
219924 บริษัท ฤทธิวงศ์วนิช จำกัด (เขาหินซ้อน),13.7606067466869,101.508772747979
221741 บริษัท เอ็นโอเค เพ้นท์ แอนด์ คอนสตรั,13.8526082075744,100.813293455318
222313 บริษัท หลักจันทร์ ปิโตรเลียม จำกัด,12.668746191637,102.188747862507
222577 บริษัท ศุขพิพัฒน์ 1999 จำกัด,13.775467,100.407588
223300 บริษัท พณิษา จำกัด (บ้านนา),14.2467742417402,101.071291148375
223309 บริษัท สเปเชียล เอ็นเนอร์ยี่ จำกัด (โชคชัย4),13.8172180395167,100.59600938683
223349 บริษัท พณิษา จำกัด (นครนายก),14.2191815183219,101.18983410698
223681 บริษัท คาร์ปิโตรเลียม จำกัด (บางเลน),14.007581313567,100.243887298469
224020 พาสโก้ พลัส เอ็นเนอร์ยี่ จันทบุรี,13.1106133142152,102.224724560968
224846 บริษัท เอ็น เค ปิโตรเลียม 62 จำกัด,12.4423449058761,102.29722622396
224851 บริษัท เทพาอารัก จำกัด บางปลา,13.5934717389589,100.759976383884
225037 บ.มีพาวเวอร์ สเตชั่น จำกัด สาขา (สำนักงานใหญ่),14.7016925934949,100.856943196993
225075 บจก.ดีดีเค พาวเวอร์ (คลองหลวง),14.0578525672866,100.616197468884
225148 บริษัท ทริปเปิ้ลเอส เอนเนอจี่ จำกัด,13.949795481117,100.450118363736
225368 บริษัท ราชพฤกษ์ เซลส์แอนด์เซอร์วิส จ,13.833286013004,100.446982095892
225949 ห้างหุ้นส่วนจำกัด ทรัพย์ไพศาล รุ่งเรือง ปิโตรเลียม,12.6894847096663,100.891857572842
227719 บริษัท พี.พี.พี. ดอนตูม ออยลด์,13.902755,100.062694
228218 บ.จักรินทิพปิโตรเลียม (2017,9.608293,99.127611
228265 บริษัท สีสวาท ออยล์ จำกัด คลองขุด,13.5575488182127,100.691947359977
228344 หจก.บางบ่อ ปิโตรแก๊ส,13.5786601680226,100.80660861244
229150 บริษัท สตาร์ ดี.เค. จำกัด,13.8197539173122,100.732763425721
229267 บริษัท แพลตตินั่ม จำกัด (ลาดพร้าว 36),13.8032998192943,100.578115787373
229731 บริษัท เอ็นไอจี กรุ๊ป จำกัด,13.2485199229392,101.145559362332
229732 บริษัท ทอง ซูพรีม จำกัด (ถนนสายเอเชีย),14.2334754027325,100.613031515955
230366 บริษัท สหรุ่งเรือง (๒๐๒๐) จำกัด,13.9370989500712,100.538151683289
231052 บริษัท สสุภัสชา จำกัด (ไทรน้อย),13.9291537144802,100.405995791944
231108 บริษัท เบสท์ เอ็นเนอร์ยี่ พลัส จำกัด กบินทร์บุรี,14.0762486345251,101.817409640947
231332 บริษัท เอ.ที. พาวเวอร์ เอ็นเนอร์จี จำกัด,13.0588595486283,100.971643148479
232372 บริษัท ดี. ดี. เค. พาวเวอร์ จำกัด สาข,13.8148929395682,100.450051269765
233731 บริษัท โชคนาราวาณิชย์ จำกัด,13.9621295687209,100.900104824571
233825 ห้างหุ้นส่วนจำกัด สิริวาณิช ออยล์,13.729489839425,102.499832285953
234808 บ.รัตนมงคล ปิโตรเลียม จก.,14.1803553745756,100.47918936463
235171 บริษัท เดอะ อัลฟ่า(ประเทศไทย) จำกัด (รามอินทรา ขาเข้า),13.8517263217756,100.637365176899
235212 บริษัท สสุภัชชา จำกัด (บางเลน),14.0223074471375,100.159800027283
237302 บจก.ดี.ซี.เค.เทพราช ปิโตรเลียม,13.6476302350053,100.991743390116
239518 บริษัท สีสสวาท สเตชั่น จำกัด (คลองขุด),13.5715496859112,100.695720649735
239897 บริษัท วรรณกฤต 2565 จำกัด (สหพัฒน์),13.1083126907889,100.986328845368
240733 บริษัท เทพราช เอ็นเนอร์ยี่ จำกัด,13.6466432026126,100.99162175177
240962 บริษัท สีสวาท เอ็นเนอร์จี จำกัด สำโรงเหนือ,13.6409294196541,100.634138163483
241251 บริษัท ซีเจ ออย จำกัด (สาขาไฮเวย์363),12.6935421391252,101.168973769451
241288 บริษัท เดอะวันปิโตรเลียม จำกัด (พัทยา,12.9633016847313,100.90896988536
241295 บริษัท พี. เอ. บางนา จำกัด (บางนา กม.17),13.6144130286288,100.753612747069
241687 บริษัท สหกิจ สเตชั่น จำกัด (แกลง),12.837796331988,101.62549089138
242505 บ.พี.เอ.บางนา จำกัด (รามอินทรา กม.13),13.8122576113212,100.693966580428
242540 บริษัท เดอะ อัลฟ่า (ประเทศไทย) จำ,14.0567075795087,100.746510313635
242583 บริษัท ปิยะกิจ ปิโตรเลียม จำกัด (สาขาบ่อวิน),13.0738742723336,101.115341090418
242748 บจก.เอฟโวลูชั่นออยล์เอ็นจิเนียริ่ง(สาขามอเตอร์เวย,14.2482312047487,100.704656408282
243705 บริษัท ทองซุพรีม จำกัด (สาขาวังน้อย),14.1858475945715,100.628056208284
243858 Preampanachai Industry,18.774456,99.062538
244021 บจก.ทู บี คอนทินิว เอแอนด์เอ็ม (นางเลิ้ง),13.760958507115,100.51363354414
244041 บริษัท พี.เอ.บางนา จำกัด (รามคำแหง ขาเข้า),13.7527294891048,100.611579790442
244043 บริษัท วรรณกฤต 2565 จำกัด (สาขาหนองยายบู่),13.1381402203083,100.98665501066
244053 บริษัท ปิ่นบุรีเชื้อเพลิง 331 จำกัด บ่อวิน,13.0274905947439,101.072687794529
244067 บริษัท ปิ่นบุรีเชื้องเพลิง จำกัด (สาขามาบตาพุด),12.7411767358767,101.12044747656
244108 บริษัท บุญเต็มถัง จำกัด จำกัด (ร่มเกล้า),13.749599868747,100.747203218696
244257 บริษัท ดีซี กรุ๊ป จำกัด คลองส่งน้ำฯ,13.554292383848,100.752367947443
245156 บจก.พี.พี.พี. พระราม 5 แก๊ส (บางเลน),14.0034131118124,100.172656772206
245283 บริษัท ปิ่นบุรีเชื้อเพลิง จำกัด (เนินพระ),12.685608682932,101.215741671632
245571 หจก.เชาวรัตน์ (1993),15.722913,100.1175
245597 หจก.วี แอนด์ เจ (1992),17.301589,101.781024
245606 หจก.พานพิเศษออยล์,19.882491,99.833837
245611 บริษัท ที ซี เอช ดีเวลลอปเมน,17.882561,102.747814
245620 บริษัท ไทยสงวนโคราช จำกัด,14.934355,101.982918
245625 บริษัท พี.เอส.ออยล์ เซอร์วิสด,8.446908,99.921174
245628 หจก.ชัยชุมพลปิโตรเลียม สาขาท,8.009,99.885002
245645 บริษัท ฟ้าศิริชัยปิโตรเลียม,16.158001,100.894997
245647 ห้างหุ้นส่วนจำกัด ซีโอทร่า,13.816257,99.878721
245672 (102) เพียว-วิเศษชัยชาญ,14.554812,100.449206
245696 บริษัท โออาร์พี 2019 จำกัด,18.546036,99.033287
245709 (114) เพียว-ตลาดไท,14.088509,100.631157
245722 บริษัท พานออยล์เอ็กตร้า จำกั,19.937,99.887001
245729 ซัสโก้-นากลาง,17.302332,102.200752
245753 ซัสโก้ - วังชมภู,16.264307,101.046404
245780 ซัสโก้ - ลาดหญ้า,14.0976,99.420769
245787 บจก.ผ่องพรรณแข กรุ๊ป,6.999905,100.470634
245788 หจก. อารยะบริการ,14.635487,99.873886
245796 หจก.หาญสกุลปิโตรเลียม,20.168122,99.852924
245801 ห้างหุ้นส่วนจำกัด พรรณ์คำ,19.691377,100.199425
245803 หจก.ผ่องพรรณแขออยล์,7.019469,100.488406
245811 ห้างหุ้นส่วนจำกัด กิจพิบูลย์ร,16.403505,101.139954
245812 ห้างหุ้นส่วนจำกัด ภาณุ ออยล์,20.145383,99.857516
245815 บริษัท อมรชัย ปิโตรเลียม จำก,13.976489,99.654863
245834 ห้างหุ้นส่วนจำกัดศรีเสลี่ยมบ,17.322422,99.565947
269233 บจก.เคดับเบิ้ลยูซี ปิโตรเลีย,7.888,98.393997
269307 บริษัท ฟูลออยล์ เซอร์วิส จำกัด สาขาบางประกง,13.5042288355647,100.996723507347
269409 P.A Bangna (Saimai),13.9223092574665,100.699333665263
269429 บริษัท แพลตตินั่ม เอนเนอร์ยี่ จำกัด สาขาท,13.7777284152497,100.531886268405
269433 บ.เอ็นเอสออล จก. (ลำลูกกา),13.9677227465504,100.618418994825
269437 บริษัท นาคณครา จำกัด(พหลฯ กม.25) (สาขาที่ 00003),13.9320885603969,100.626101086718
270447 บริษัท เกสทรอน จำกัด (เพชรบุรีขาเข้า) ,13.7471480569104,100.572419063789
303TSTGEOFENCE,11.039624,76.95012
A S ONE OIL LIMITED PARTNERSHIP,13.6754393920316,102.527060547868
ALEXON CO.LTD.,13.7410159961587,101.013360224305
APA(2) INDUSTRIES COLTD,13.7580993004331,101.052138539523
Atlas ASIAN WIRE PRODUCTS,14.9141734828872,101.95611036366
Atlas Charoenrat Rd.,13.6963886890439,100.514013149454
Atlas Chiang Rai 7,19.8712690427614,99.8271941524302
Atlas EntechProducts,13.7185853538861,100.316254742065
Atlas JINHAI HARDWARE ,13.0791660683779,101.206604108767
Atlas K.C. Oil and Gas (Kaeng Khoi),14.5708967918826,100.981671774851
Atlas K.C. Oil Company Limited (Bangchak),14.617150968217,100.892909363462
Atlas Kao Pathum Namsap Petroleum Company Limited,14.0520760794613,100.4541916
Atlas Le Prestige 7895 ,13.2311241493153,101.473075512357
Atlas LIKE COMPANY LIMITED,12.6174813317161,102.136677405607
Atlas LPG Phraya Trang ,12.6220390391461,102.071406351653
Atlas LUCKY UNION FOODS,13.5518985891395,100.230433505436
Atlas M.S PETROLEUM,13.712667834883,100.363557610643
Atlas Mr.Chalerm Kanchanatripop,13.9811277481257,99.6043741038802
Atlas Mr.Chalerm Kanchanatripop,13.9812878171665,99.6043673983577
Atlas Mr.Chalerm Kanchanatripop,13.9811719948636,99.6043741038802
Atlas Olympus Oil (Lat Krabang5),13.7222325359719,100.754571961166
Atlas Olympus Oil Bang Khun Thian-Chai Thale Road 4,13.6461735133051,100.432198903426
Atlas Olympus Oil Bang Saphan 3,11.4184444286859,99.5215059408058
Atlas Olympus Oil Bangkapi 1,13.7672181589677,100.656191384646
Atlas Olympus Oil Bangkapi 3,13.7548373449904,100.646346233362
Atlas Olympus Oil Bangkok Rant,13.6120303486496,100.712791277027
Atlas Olympus Oil Bangkrang,13.836140695619,100.466402163754
Atlas Olympus Oil Banglamung 6,13.0078376022003,100.931278839846
Atlas Olympus Oil Banglamung 7,12.9391684019335,100.995456547062
Atlas Olympus Oil Banglen 6,14.0182653772949,100.174228335475
Atlas Olympus Oil Bangpa-in 2,14.1388138124333,100.619060074903
Atlas Olympus Oil Banpong 3,13.7962629812318,99.9564487018538
Atlas Olympus Oil Bueng Narang 3,16.2059933166659,100.128130777358
Atlas Olympus Oil Bueng Sam Thousand 2,15.7717619826991,101.008281514837
Atlas Olympus Oil Buengkum 3,13.8116267396187,100.650265103941
Atlas Olympus Oil Cha-Am 3,12.885308259317,99.9113724977779
Atlas Olympus Oil Chachoengsao 5,13.7597038498382,100.991986989863
Atlas Olympus Oil Chainat 3,15.1570449071957,100.144024839575
Atlas Olympus Oil Chanthaburi 3,12.6159074725428,102.106423921461
Atlas Olympus Oil Chiang Mai 3,18.7575597798767,99.0312892431893
Atlas Olympus Oil Chiang Mai 7,18.7997412732812,98.9939816880456
Atlas Olympus Oil Chokchai 6,14.7402658306704,102.144449611673
Atlas Olympus Oil Chonburi 7,13.350384603108,101.009695656963
Atlas Olympus Oil 1 (Soi 31),13.8197108359832,100.844829153857
Atlas Olympus Oil  2 (Soi 26),13.8147184235645,100.841241520194
Atlas Olympus Oil  3,13.5045720185015,99.972489905421
Atlas Olympus Oil  Choeng Noen 2,12.6761926151042,101.302531900469
Atlas Olympus Oil Chonburi Bypass Road 3,13.3605381213175,101.013509179208
Atlas Olympus Oil Ekachai 1 Road (Soi 6),13.7001936568662,100.461664545097
Atlas Olympus Oil Ekachai 2,13.6309261258022,100.363630561198
Atlas Olympus Oil Krungthep Kreetha 1,13.7338401214108,100.69783094607
Atlas Olympus Oil Nonthaburi-Bangbuathong Bridge Road (Nuanchawee),13.9425916368619,100.5408613447
Atlas Olympus Oil Petchkasem 1 Road (Km.59),13.8134668838976,100.101131539068
Atlas Olympus Oil Petchkasem Road (Soi 97),13.7066181023885,100.292712387408
Atlas Olympus Oil Sema Fah Kram 1,13.9540841884642,100.642587898649
Atlas Olympus Oil Sema Fah Kram 2,13.9728005391983,100.644018931698
Atlas Olympus Oil Company 2,16.1471941062842,100.620878758668
Atlas Olympus Oil Company Kalapapruek 1 Rd.,13.6984795555156,100.440611153928
Atlas Olympus Oil Company Kamphaeng Saen 7,13.9601005413544,100.004415051047
Atlas Olympus Oil Company Khlung 4,12.468571056963,102.199457478569
Atlas Olympus Oil Company Pak Pipe 3,13.3522119892659,99.828033184162
Atlas Olympus Oil Company Phraphutthabat 4,14.7592028535815,100.727725182539
Atlas Olympus Oil Company Thoen 2,17.5432875812059,99.195423191191
Atlas Olympus Oil Jombueng 1,13.6311850513677,99.6028796277305
Atlas Olympus Oil Kabinburi 5,13.9431171353901,101.706011249722
Atlas Olympus Oil Kabinburi 6,13.985740323461,101.742948415501
Atlas Olympus Oil Kaeng Khoi 1,14.5774606785889,100.995381410144
Atlas Olympus Oil Kamphaengphet 5,16.4706114373559,99.4967114586375
Atlas Olympus Oil Kanthararom 3,15.1010824290491,104.604718646661
Atlas Olympus Oil Khanuworalaksaburi 4,16.0098520965181,99.7933591315943
Atlas Olympus Oil Klaeng 10,12.7803469357899,101.817659443534
Atlas Olympus Oil Klong Sam Wa 2,13.8598019869876,100.696861646308
Atlas Olympus Oil Krathum Baen 5,13.6252034874499,100.293566942954
Atlas Olympus Oil Krathum Baen 6,13.6488412186754,100.287619500917
Atlas Olympus Oil Ladkrabang 4,13.7505951532118,100.790014669567
Atlas Olympus Oil Lampang 7,18.3608067469985,99.5742153157247
Atlas Olympus Oil Lamson 1,15.2820233004129,101.347745780957
Atlas Olympus Oil Lansak 1,15.4371341381029,99.613090160119
Atlas Olympus Oil Lat Lum Kaeo 8,14.0539558077295,100.333696332187
Atlas Olympus Oil Mae Hong Son 2,19.3353895559923,0
Atlas Olympus Oil Makham 2,12.6419450453901,102.172461981679
Atlas Olympus Oil Minburi 5,13.8132784915097,100.704653208546
Atlas Olympus Oil New Petchburi Road 2,13.7443829490444,100.58745284077
Atlas Olympus Oil Nikhom Pattana 4,12.7953094757074,101.152593294225
Atlas Olympus Oil Pak Thong Chai 1,14.679022422543,102.015719483134
Atlas Olympus Oil PakTho 4 ,13.3538773043582,99.826726938593
Atlas Olympus Oil Phanom Sarakham 8,13.7720155673699,101.523017206735
Atlas Olympus Oil Phanom Sarakham 9,13.7457599729457,101.450700749492
Atlas Olympus Oil Phayakkhaphum Phisai 3,15.50936817386,103.208359382146
Atlas Olympus Oil Pho Pratap Chang 2,16.3474443112776,100.127430068751
Atlas Olympus Oil Photharam,13.6772281217701,99.8772674409793
Atlas Olympus Oil Photharam 4,13.6504693055042,99.8578207682121
Atlas Olympus Oil Phra Nakhon Si Ayutthaya 2,14.3399220253332,100.527491548181
Atlas Olympus Oil Pol 3,15.8900687773998,102.645583696302
Atlas Olympus Oil Prachachuen Road,13.8253870057954,100.537561033381
Atlas Olympus Oil Prachuap Khiri Khan 3,11.8662235998194,99.7861668707131
Atlas Olympus Oil Pratunam Pa In 1,14.1402109358303,100.617588491443
Atlas Olympus Oil Promburi 2,14.8466621783511,100.44639329722
Atlas Olympus Oil Rama 2 (Km.26),13.5685411519624,100.283877786803
Atlas Olympus Oil Rama 2 Road (Km.35),13.5999611384333,100.368325175638
Atlas Olympus Oil Ratburana 2,13.6576106254978,100.499039691962
Atlas Olympus Oil Samut Sakhon 9,13.5100116563216,100.136481052139
Atlas Olympus Oil Samutsongkhram 2,13.3734857623545,99.9624684864979
Atlas Olympus Oil Samutsongkhram 3,13.3681098855463,99.9533975680953
Atlas Olympus Oil Sapphaya 3,15.1504203130077,100.252197542541
Atlas Olympus Oil Sattahip 3,12.8607685723075,100.90689556482
Atlas Olympus Oil Soi Intapaj 9,13.6945596469562,100.380227164956
Atlas Olympus Oil Soi Phetkasem 81,13.6848140686348,100.343925957925
Atlas Olympus Oil Sriprachan 5,14.5436832304981,100.130251642032
Atlas Olympus Oil Tak 4,16.8436186465812,99.113325163621
Atlas Olympus Oil Taphong 3,12.6395595454865,101.39005003497
Atlas Olympus Oil Tha mai 3,12.6543078276048,102.052115999294
Atlas Olympus Oil Theparak 2 Road (Km.12),13.6048799277132,100.694443794298
Atlas Olympus Oil Utumpornpisai 3,15.1546368416036,104.19173425651
Atlas Olympus Oil Wangtong 2,16.8619844524753,100.502040526512
Atlas Olympus Oil Wattananakorn 3,13.7768142765792,102.205939643203
Atlas Olympus Oil Wiang Pa Pao 5,19.191781628545,99.5120051307058
Atlas Olympus Oil Wiang Sa 3,0,9.33614904791985
Atlas Phet Unique Gas (in Phetchabun),16.4095793729049,101.145429020616
Atlas Phet Unique Gas (Out Phetchabun),16.4037323303833,101.141347277821
Atlas Phromphiram 6,17.0968258385386,100.311420218558
Atlas RATCHASIMA STEEL PRODUCTS,14.909828961812,101.958674825717
Atlas SamKhok 4,14.1104458015248,100.570718023233
Atlas ตราชั่ง เจริญทวีบูรพา สาขาตะปอนน้อย,12.4968893293602,102.171514214198
Atlas SINGBURI GAS INDUSTRIAL COMPANY LIMITED,14.9194537945653,100.400264726531
Atlas Thai Nanferous Metal Chamkat,13.5980507687465,101.342449432968
Atlas Agricultural Scale Aranyaprathet District,13.6772739758141,102.486663179156
Atlas Cap Global Aluminum ,14.0975657686084,100.733206018927
Atlas Metalmate Company Limited (Head Office),13.5377974271744,100.634406342432
Atlas Taymax Wire Rope Industry Corp. Ltd.,13.8896461916437,101.564660210199
Atlas World Gas Service (2012) Ltd.,13.7056480576529,100.645062981592
B.GRIM AIRCONDITIONING LIMITED,13.8162834509773,100.911525021661
Bang Chak Gas Station Km. 149 Nakhon Sawan,15.3767290446262,100.154296414703
Bang Saphan 5 (inbound) บางสะพาน 5 (ขาเข้า),11.2586562255198,99.4376246944428
Bangchak Bangna-Trad Road Km.16,13.6181607040777,100.745507380587
Bangchak Gas Station,13.6401108029183,100.701217843225
Bangchak Gas Station - Asia Line 2,14.3241892577255,100.614189229305
Bangchak Gas Station - Bangna-Trad Km.13,13.6318047259346,100.716014226756
